idx,word,occurrences
0,modi,1443
1,bjp,1047
2,india,646
3,amp,603
4,pm,446
5,ha,418
6,not,356
7,terrorist,286
8,attack,278
9,ji,276
10,like,271
11,indian,259
12,wa,246
13,people,242
14,vote,223
15,pakistan,222
16,party,218
17,u,202
18,terror,192
19,election,192
20,win,177
21,want,172
22,govt,164
23,one,159
24,war,158
25,support,157
26,say,153
27,r,148
28,leader,140
29,country,136
30,congress,128
31,please,127
32,hate,125
33,time,119
34,killed,118
35,love,117
36,good,117
37,‘,115
38,terrorism,114
39,dont,112
40,great,111
41,nation,110
42,even,110
43,stop,107
44,fake,105
45,modis,103
46,best,102
47,hindu,101
48,pulwama,99
49,get,99
50,year,96
51,government,96
52,make,95
53,minister,95
54,peace,94
55,help,94
56,narendra,91
57,day,90
58,proud,90
59,many,89
60,chowkidar,87
61,medium,85
62,family,85
63,shame,84
64,supporter,81
65,kashmir,81
66,today,81
67,sir,80
68,ðÿ,80
69,tnwelcomesmodi,79
70,welcome,79
71,dear,79
72,namo,79
73,every,79
74,give,78
75,n,78
76,force,78
77,back,78
78,also,75
79,need,75
80,see,74
81,take,74
82,strike,73
83,life,73
84,let,72
85,security,72
86,muslim,72
87,know,71
88,failed,70
89,prime,70
90,news,70
91,friend,69
92,would,69
93,go,68
94,lie,68
95,hand,67
96,fight,66
97,political,66
98,never,66
99,job,66
100,save,66
101,must,65
102,national,65
103,thank,64
104,work,63
105,via,63
106,strong,63
107,right,62
108,world,60
109,man,60
110,scam,59
111,lost,59
112,accused,59
113,free,59
114,better,58
115,new,58
116,pragya,58
117,hope,58
118,ðÿ˜‚,58
119,opposition,57
120,imran,57
121,army,56
122,made,56
123,power,56
124,pak,55
125,well,55
126,poor,55
127,come,55
128,big,55
129,dead,54
130,seat,54
131,failure,54
132,violence,54
133,anti,53
134,thanks,53
135,defeat,52
136,sure,52
137,hatred,52
138,truth,52
139,issue,51
140,trust,51
141,award,51
142,first,50
143,killing,50
144,woman,49
145,death,48
146,mr,48
147,think,48
148,abhinandan,48
149,state,48
150,true,48
151,candidate,48
152,giving,47
153,shri,47
154,due,47
155,said,46
156,yes,46
157,doe,46
158,may,45
159,ever,45
160,last,45
161,respect,45
162,still,45
163,much,45
164,khan,45
165,act,44
166,soldier,44
167,air,44
168,”,43
169,join,43
170,wrong,43
171,supporting,43
172,look,43
173,’,43
174,video,42
175,gain,42
176,got,42
177,politics,42
178,done,42
179,farmer,42
180,always,42
181,keep,42
182,jawan,41
183,nda,41
184,happy,41
185,cong,41
186,fear,41
187,tweet,41
188,another,41
189,congratulation,41
190,leadership,41
191,enemy,41
192,justice,41
193,jai,41
194,modiâ€™s,40
195,safe,40
196,“,40
197,wish,40
198,way,39
199,watch,39
200,promise,39
201,show,39
202,v,39
203,money,39
204,question,39
205,rafale,38
206,worker,38
207,brave,38
208,god,38
209,two,37
210,given,37
211,cant,37
212,thing,36
213,murder,36
214,court,36
215,donâ€™t,36
216,voting,36
217,forget,36
218,intelligence,36
219,democracy,36
220,pakistani,35
221,hero,35
222,kill,35
223,delhi,35
224,agree,35
225,become,34
226,jampk,34
227,hard,34
228,fighting,34
229,youth,34
230,guy,34
231,since,33
232,real,33
233,going,33
234,clear,33
235,shah,33
236,blame,33
237,cm,33
238,statement,33
239,liberal,33
240,bengal,33
241,case,33
242,bjps,32
243,citizen,32
244,armed,32
245,winning,32
246,credit,32
247,bad,32
248,mean,31
249,decision,31
250,clean,31
251,name,31
252,threat,31
253,stand,31
254,matter,31
255,person,31
256,spread,31
257,tell,31
258,nothing,30
259,corrupt,30
260,thats,30
261,innocent,30
262,supreme,30
263,campaign,30
264,corruption,30
265,really,30
266,member,30
267,huge,30
268,face,30
269,â€,30
270,action,29
271,mainbhichowkidar,29
272,rule,29
273,fool,29
274,freedom,29
275,sadhvi,29
276,loksabhaelections,29
277,responsible,29
278,abuse,29
279,prize,29
280,success,29
281,propaganda,29
282,development,29
283,iaf,28
284,ensure,28
285,interest,28
286,nehru,28
287,indiaâ€™s,28
288,voter,28
289,towards,28
290,public,28
291,saying,28
292,biggest,28
293,home,28
294,kashmiri,28
295,pls,28
296,modiji,28
297,policy,28
298,making,28
299,bhakts,28
300,martyr,28
301,liar,28
302,protect,28
303,getting,27
304,mumbai,27
305,global,27
306,itâ€™s,27
307,called,27
308,economy,27
309,create,27
310,growth,27
311,doesnt,27
312,hind,27
313,student,27
314,talk,27
315,worst,26
316,ðÿ™,26
317,yet,26
318,south,26
319,riot,26
320,app,26
321,word,26
322,police,26
323,situation,26
324,use,26
325,gujarat,26
326,feel,26
327,care,26
328,call,26
329,didnt,26
330,sad,25
331,old,25
332,ppl,25
333,took,25
334,find,25
335,hai,25
336,president,25
337,kerala,25
338,report,25
339,behind,25
340,important,25
341,died,25
342,rally,25
343,problem,25
344,crpf,24
345,missing,24
346,group,24
347,rape,24
348,trying,24
349,condemn,24
350,coming,24
351,post,24
352,chief,24
353,wing,24
354,evil,24
355,manifesto,24
356,pilot,23
357,child,23
358,ask,23
359,yr,23
360,mla,23
361,criminal,23
362,thakur,23
363,others,23
364,ticket,23
365,bharat,23
366,hater,23
367,number,23
368,respected,23
369,chance,23
370,attacked,23
371,suicide,23
372,gandhi,23
373,pic,23
374,shameless,23
375,full,23
376,black,23
377,till,23
378,stolen,23
379,mp,23
380,share,23
381,crime,23
382,communal,23
383,singh,23
384,charge,23
385,lying,23
386,next,22
387,masood,22
388,china,22
389,ðÿ‡®ðÿ‡³,22
390,victory,22
391,honest,22
392,reason,22
393,away,22
394,faith,22
395,»,22
396,common,22
397,bless,22
398,around,22
399,place,22
400,civilian,22
401,moment,22
402,speech,21
403,unemployment,21
404,effort,21
405,history,21
406,courage,21
407,west,21
408,twitter,21
409,heart,21
410,clearly,21
411,claim,21
412,agenda,21
413,using,21
414,hindutva,21
415,seoul,21
416,wont,21
417,pay,21
418,read,21
419,balakot,21
420,crore,21
421,smart,21
422,demonetisation,21
423,personnel,21
424,stupid,21
425,goon,20
426,city,20
427,future,20
428,vision,20
429,single,20
430,bomb,20
431,end,20
432,loss,20
433,put,20
434,entire,20
435,gave,20
436,kind,20
437,play,20
438,without,20
439,honour,20
440,lose,20
441,anything,20
442,wisely,20
443,age,20
444,came,20
445,part,20
446,im,20
447,playing,19
448,destroy,19
449,crisis,19
450,etc,19
451,azhar,19
452,believe,19
453,left,19
454,gobackmodi,19
455,team,19
456,officer,19
457,instead,19
458,politician,19
459,anyone,19
460,arrested,19
461,secure,19
462,channel,19
463,soon,19
464,fraud,19
465,anger,19
466,everything,19
467,sacrifice,19
468,blast,19
469,poll,19
470,something,19
471,economic,19
472,fact,19
473,camp,19
474,promised,19
475,nationalist,19
476,created,19
477,border,19
478,social,19
479,human,18
480,led,18
481,change,18
482,mistake,18
483,could,18
484,spreading,18
485,false,18
486,shameful,18
487,ur,18
488,forced,18
489,poverty,18
490,someone,18
491,military,18
492,demand,18
493,helping,18
494,sarkar,18
495,lakh,18
496,lot,18
497,sabha,18
498,abusing,18
499,solution,18
500,top,18
501,ram,18
502,masoodazhar,18
503,bjpâ€™s,18
504,disaster,18
505,sri,18
506,ban,18
507,society,18
508,article,18
509,understand,18
510,remove,18
511,defence,18
512,electoral,17
513,high,17
514,victim,17
515,suffering,17
516,completely,17
517,murderer,17
518,despite,17
519,blaming,17
520,mamata,17
521,actually,17
522,men,17
523,set,17
524,highest,17
525,definitely,17
526,remember,17
527,ready,17
528,everyone,17
529,un,17
530,dream,17
531,doubt,17
532,answer,17
533,leave,17
534,idea,17
535,office,17
536,dmkfails,17
537,blessing,17
538,die,17
539,karkare,17
540,tax,17
541,isnt,17
542,special,17
543,rt,17
544,cell,17
545,shot,16
546,finally,16
547,level,16
548,declared,16
549,continue,16
550,ec,16
551,peaceful,16
552,cancer,16
553,speak,16
554,surely,16
555,game,16
556,major,16
557,bank,16
558,reach,16
559,handle,16
560,prosperous,16
561,busy,16
562,destroyed,16
563,conspiracy,16
564,dangerous,16
565,b,16
566,religion,16
567,commander,16
568,committed,16
569,live,16
570,honourable,16
571,education,16
572,promoting,16
573,body,16
574,inside,16
575,lok,16
576,health,16
577,surgical,16
578,â€œ,16
579,sc,16
580,popularity,16
581,living,16
582,revenge,16
583,praise,16
584,battle,16
585,story,16
586,chowkidarchorhai,16
587,taken,16
588,na,16
589,long,16
590,hide,15
591,law,15
592,daughter,15
593,sympathy,15
594,cry,15
595,journalist,15
596,seen,15
597,scared,15
598,son,15
599,note,15
600,point,15
601,ki,15
602,start,15
603,strength,15
604,bhopal,15
605,former,15
606,business,15
607,month,15
608,enough,15
609,spokesperson,15
610,disgusting,15
611,jet,15
612,fan,15
613,angry,15
614,used,15
615,‡,15
616,facing,15
617,karnataka,15
618,secular,15
619,deal,15
620,difference,15
621,upa,15
622,choice,15
623,rather,15
624,file,15
625,danger,15
626,karyakartas,15
627,international,15
628,lead,15
629,possible,15
630,wonderful,15
631,arrest,14
632,wow,14
633,truly,14
634,powerful,14
635,allow,14
636,front,14
637,murdered,14
638,taking,14
639,prove,14
640,hold,14
641,pappu,14
642,narrative,14
643,showing,14
644,crony,14
645,kid,14
646,self,14
647,confidence,14
648,amit,14
649,father,14
650,dedicated,14
651,rest,14
652,already,14
653,shit,14
654,weapon,14
655,million,14
656,insult,14
657,proof,14
658,scheme,14
659,tamil,14
660,reality,14
661,grand,14
662,blessed,14
663,comment,14
664,evidence,14
665,declare,14
666,sick,14
667,whose,14
668,term,14
669,seems,14
670,started,14
671,accept,14
672,move,14
673,ko,14
674,institution,14
675,asking,14
676,order,14
677,cause,13
678,saynotowar,13
679,absolutely,13
680,whole,13
681,parliament,13
682,phirekbaarmodisarkar,13
683,dignity,13
684,hv,13
685,commission,13
686,serious,13
687,violent,13
688,match,13
689,thousand,13
690,desperation,13
691,fascist,13
692,found,13
693,organisation,13
694,yesterday,13
695,strongly,13
696,attacking,13
697,hell,13
698,opportunity,13
699,railway,13
700,language,13
701,modishah,13
702,sikh,13
703,tn,13
704,incident,13
705,running,13
706,coward,13
707,voted,13
708,degree,13
709,stone,13
710,together,13
711,learn,13
712,debate,13
713,stay,13
714,released,13
715,hemant,13
716,feeling,13
717,paid,13
718,happened,13
719,brilliant,13
720,dantewada,13
721,increased,13
722,diplomatic,13
723,joke,13
724,celebrating,13
725,bigot,13
726,pride,13
727,reject,13
728,awarded,13
729,plz,13
730,lack,13
731,amazing,13
732,lynching,13
733,rich,13
734,pulwamaattack,12
735,nuclear,12
736,civil,12
737,govts,12
738,girl,12
739,working,12
740,far,12
741,negative,12
742,among,12
743,mass,12
744,land,12
745,badly,12
746,ambani,12
747,governance,12
748,project,12
749,alive,12
750,openly,12
751,official,12
752,per,12
753,newindia,12
754,ignore,12
755,along,12
756,tv,12
757,several,12
758,losing,12
759,mother,12
760,pathetic,12
761,value,12
762,including,12
763,integrity,12
764,waiting,12
765,hysteria,12
766,jammu,12
767,+,12
768,past,12
769,interview,12
770,bring,12
771,price,12
772,proved,12
773,chhattisgarh,12
774,result,12
775,tried,12
776,wave,12
777,seriously,12
778,happen,12
779,card,12
780,non,12
781,little,12
782,removing,12
783,except,12
784,rg,12
785,general,12
786,odisha,12
787,protest,12
788,second,12
789,„,12
790,within,12
791,maharashtra,12
792,evm,12
793,check,12
794,cut,12
795,salute,12
796,cost,12
797,remain,12
798,pray,12
799,troll,12
800,address,12
801,else,12
802,account,12
803,target,11
804,safety,11
805,namoagain,11
806,played,11
807,bail,11
808,low,11
809,seeing,11
810,l,11
811,image,11
812,return,11
813,praising,11
814,express,11
815,fire,11
816,inc,11
817,achievement,11
818,almost,11
819,godse,11
820,beating,11
821,movement,11
822,visionary,11
823,tamilnadu,11
824,calling,11
825,side,11
826,strategy,11
827,choose,11
828,employment,11
829,promote,11
830,isi,11
831,rejected,11
832,ideology,11
833,five,11
834,bjprss,11
835,forgotten,11
836,ahead,11
837,nirav,11
838,abused,11
839,ðÿ,11
840,,11
841,plan,11
842,try,11
843,injured,11
844,idiot,11
845,house,11
846,expose,11
847,‡ðÿ,11
848,shocking,11
849,favour,11
850,ground,11
851,deserve,11
852,nationalism,11
853,imagine,11
854,gang,11
855,nobody,11
856,saffron,11
857,defending,11
858,fund,11
859,kindly,11
860,naxal,11
861,ap,11
862,massive,11
863,g,11
864,known,11
865,bhakt,11
866,relaxation,11
867,picture,11
868,exposed,11
869,loving,11
870,destroying,11
871,damage,11
872,request,11
873,dmk,11
874,however,11
875,might,11
876,creating,11
877,central,11
878,telling,11
879,super,11
880,suffered,11
881,condemned,11
882,enjoy,11
883,personal,11
884,sorry,11
885,martyred,11
886,beloved,11
887,russia,11
888,mocked,11
889,banned,10
890,region,10
891,cheap,10
892,fall,10
893,captured,10
894,sharing,10
895,pressure,10
896,jail,10
897,looking,10
898,joining,10
899,continues,10
900,thought,10
901,rahul,10
902,core,10
903,least,10
904,north,10
905,listen,10
906,chor,10
907,commitment,10
908,message,10
909,shall,10
910,flag,10
911,outside,10
912,reply,10
913,pulwamaterrorattack,10
914,luck,10
915,lady,10
916,rise,10
917,wonder,10
918,intellectual,10
919,fully,10
920,film,10
921,dirty,10
922,casualty,10
923,dr,10
924,told,10
925,attempt,10
926,f,10
927,brutally,10
928,ðÿ˜,10
929,outrage,10
930,drop,10
931,increase,10
932,uri,10
933,prayer,10
934,insulting,10
935,three,10
936,kumar,10
937,moron,10
938,modiwave,10
939,regional,10
940,brought,10
941,convoy,10
942,bcoz,10
943,data,10
944,doval,10
945,zero,10
946,bjp_à¤­à¤—à¤¾à¤,10
947,_à¤¦à¥‡à¤¶_à¤¬à¤šà¤¾à¤,10
948,raj,10
949,recent,10
950,hour,10
951,quality,10
952,event,10
953,~,10
954,provide,10
955,agency,10
956,able,10
957,talking,10
958,offer,10
959,benefit,10
960,incompetent,10
961,religious,10
962,voice,10
963,era,10
964,pradesh,10
965,foreign,10
966,miserably,10
967,regime,10
968,condemns,10
969,mind,10
970,outfit,9
971,trap,9
972,mob,9
973,chit,9
974,secret,9
975,threatening,9
976,rapist,9
977,coz,9
978,function,9
979,booth,9
980,antinational,9
981,tragedy,9
982,culture,9
983,fantastic,9
984,punished,9
985,pain,9
986,anil,9
987,unity,9
988,head,9
989,saw,9
990,thread,9
991,allowed,9
992,didnâ€™t,9
993,otherwise,9
994,small,9
995,slogan,9
996,bigotry,9
997,warning,9
998,ignored,9
999,directly,9
1000,christian,9
1001,harmony,9
1002,wanted,9
1003,piece,9
1004,remains,9
1005,fucked,9
1006,blind,9
1007,«,9
1008,cash,9
1009,modimadedisaster,9
1010,internal,9
1011,alone,9
1012,fighter,9
1013,indianairforce,9
1014,ecosystem,9
1015,varanasi,9
1016,lover,9
1017,list,9
1018,follow,9
1019,mandavi,9
1020,laugh,9
1021,urban,9
1022,useless,9
1023,progress,9
1024,loot,9
1025,young,9
1026,edge,9
1027,pr,9
1028,jaitley,9
1029,upset,9
1030,farm,9
1031,majority,9
1032,cowardly,9
1033,injustice,9
1034,hi,9
1035,largest,9
1036,forgive,9
1037,line,9
1038,stupidity,9
1039,memorial,9
1040,trouble,9
1041,ensuring,9
1042,information,9
1043,either,9
1044,emergency,9
1045,goa,9
1046,bhai,9
1047,open,9
1048,build,9
1049,humanity,9
1050,surgicalstrike,9
1051,nota,9
1052,step,9
1053,alliance,9
1054,hence,9
1055,successfully,9
1056,traitor,9
1057,democratic,9
1058,gujrat,9
1059,hating,9
1060,product,9
1061,paper,9
1062,modioncemore,9
1063,wealth,9
1064,seoulpeaceprize,9
1065,belief,9
1066,dare,9
1067,excellent,9
1068,short,9
1069,fun,9
1070,thief,9
1071,field,8
1072,rhetoric,8
1073,failing,8
1074,bother,8
1075,greatest,8
1076,present,8
1077,lol,8
1078,welcomebackabhinandan,8
1079,ðÿ¤,8
1080,repeat,8
1081,lord,8
1082,assembly,8
1083,narendramodi,8
1084,rahulgandhi,8
1085,decade,8
1086,wonâ€™t,8
1087,confident,8
1088,bigger,8
1089,challenge,8
1090,photo,8
1091,east,8
1092,senior,8
1093,canâ€™t,8
1094,tripura,8
1095,demanding,8
1096,cbi,8
1097,filechorchowkidar,8
1098,run,8
1099,elected,8
1100,margin,8
1101,reporting,8
1102,defend,8
1103,punish,8
1104,different,8
1105,hilarious,8
1106,lanka,8
1107,blamed,8
1108,tough,8
1109,model,8
1110,questioning,8
1111,korea,8
1112,initiative,8
1113,pmo,8
1114,activity,8
1115,funding,8
1116,tomorrow,8
1117,boycott,8
1118,ka,8
1119,valley,8
1120,soil,8
1121,defense,8
1122,yeddyurappa,8
1123,pledge,8
1124,master,8
1125,ne,8
1126,company,8
1127,worried,8
1128,pathankot,8
1129,beautiful,8
1130,document,8
1131,condolence,8
1132,om,8
1133,shanti,8
1134,relationship,8
1135,fit,8
1136,distress,8
1137,decide,8
1138,bullet,8
1139,youre,8
1140,kamal,8
1141,dynasty,8
1142,sleep,8
1143,deserves,8
1144,ðÿ˜š,8
1145,curse,8
1146,community,8
1147,airstrike,8
1148,respond,8
1149,gift,8
1150,writes,8
1151,mess,8
1152,heavy,8
1153,jiâ€™s,8
1154,doesnâ€™t,8
1155,example,8
1156,kejriwal,8
1157,divide,8
1158,blood,8
1159,minority,8
1160,unfortunately,8
1161,nomination,8
1162,constitution,8
1163,later,8
1164,thatâ€™s,8
1165,meet,8
1166,worry,8
1167,sense,8
1168,opposing,8
1169,hurt,8
1170,jihad,8
1171,across,8
1172,hundred,8
1173,multiple,8
1174,loyal,8
1175,enjoying,8
1176,,8
1177,limit,8
1178,attention,8
1179,sending,8
1180,carried,8
1181,ill,8
1182,perception,8
1183,dyslexia,8
1184,supported,8
1185,complaint,8
1186,based,8
1187,creation,8
1188,telangana,8
1189,turned,8
1190,ease,8
1191,active,8
1192,naxals,8
1193,desperately,8
1194,asked,8
1195,ðÿ,8
1196,vulture,8
1197,blow,8
1198,transformed,7
1199,advantage,7
1200,gone,7
1201,totally,7
1202,agrarian,7
1203,abt,7
1204,legal,7
1205,congrats,7
1206,violation,7
1207,greater,7
1208,hiding,7
1209,northeast,7
1210,insurance,7
1211,arrogance,7
1212,jihadi,7
1213,loved,7
1214,type,7
1215,sanghis,7
1216,ramalingam,7
1217,contest,7
1218,horrible,7
1219,torture,7
1220,perpetrator,7
1221,malik,7
1222,deliver,7
1223,glad,7
1224,gst,7
1225,position,7
1226,constituency,7
1227,strongest,7
1228,enter,7
1229,disastrous,7
1230,turn,7
1231,dirt,7
1232,clip,7
1233,rajdeep,7
1234,honorable,7
1235,nadu,7
1236,iâ€™m,7
1237,pakis,7
1238,patriotic,7
1239,option,7
1240,decided,7
1241,winner,7
1242,airway,7
1243,birthday,7
1244,tdp,7
1245,dynamic,7
1246,everywhere,7
1247,plot,7
1248,har,7
1249,system,7
1250,held,7
1251,went,7
1252,brother,7
1253,beneficiary,7
1254,water,7
1255,stock,7
1256,worse,7
1257,diplomacy,7
1258,brain,7
1259,unite,7
1260,stronger,7
1261,exactly,7
1262,desperate,7
1263,current,7
1264,ganga,7
1265,march,7
1266,shown,7
1267,unsc,7
1268,affection,7
1269,deeply,7
1270,cross,7
1271,hunger,7
1272,jumlas,7
1273,ashamed,7
1274,caste,7
1275,tenure,7
1276,book,7
1277,according,7
1278,key,7
1279,babu,7
1280,accident,7
1281,planning,7
1282,,7
1283,sonia,7
1284,large,7
1285,modihaitomumkinhai,7
1286,popular,7
1287,ðÿ,7
1288,refused,7
1289,fail,7
1290,nice,7
1291,racist,7
1292,tension,7
1293,district,7
1294,calm,7
1295,statesman,7
1296,delay,7
1297,fair,7
1298,destruction,7
1299,class,7
1300,week,7
1301,follower,7
1302,release,7
1303,ruling,7
1304,committee,7
1305,patriotism,7
1306,form,7
1307,constitutional,7
1308,fault,7
1309,amount,7
1310,mongering,7
1311,killer,7
1312,artist,7
1313,perfect,7
1314,section,7
1315,ðÿ™ðÿ,7
1316,drama,7
1317,mock,7
1318,welcomehomeabhinandan,7
1319,ew,7
1320,insulted,7
1321,guilty,7
1322,prince,7
1323,bold,7
1324,justiceforebiz,7
1325,ok,7
1326,smile,7
1327,hypocrisy,7
1328,slap,7
1329,livelihood,7
1330,actor,7
1331,london,7
1332,congratulate,7
1333,acquitted,7
1334,daily,7
1335,duty,7
1336,meraparivarbhajapaparivar,7
1337,bbc,7
1338,difficult,7
1339,course,7
1340,ðÿ™ðÿ™,7
1341,sahab,7
1342,view,7
1343,energy,7
1344,extremist,7
1345,warm,7
1346,oh,7
1347,banerjee,7
1348,cr,7
1349,status,7
1350,bear,7
1351,direct,7
1352,awesome,7
1353,letter,7
1354,fallen,7
1355,inspiration,7
1356,beat,7
1357,thug,7
1358,uk,7
1359,surprised,7
1360,wb,7
1361,record,7
1362,nd,7
1363,humiliated,7
1364,¢,7
1365,school,6
1366,claimed,6
1367,excuse,6
1368,illegal,6
1369,abhi,6
1370,shared,6
1371,gun,6
1372,assault,6
1373,needed,6
1374,pmrtalkstonris,6
1375,nrimodi,6
1376,â,6
1377,eliminate,6
1378,eagerly,6
1379,waste,6
1380,treatment,6
1381,upcoming,6
1382,italian,6
1383,wise,6
1384,gut,6
1385,israel,6
1386,pro,6
1387,temple,6
1388,brutal,6
1389,chest,6
1390,hows,6
1391,yasin,6
1392,demonetization,6
1393,press,6
1394,became,6
1395,worked,6
1396,four,6
1397,hear,6
1398,everyday,6
1399,thinking,6
1400,chinese,6
1401,tag,6
1402,choksi,6
1403,veteran,6
1404,saeed,6
1405,cheat,6
1406,funny,6
1407,beaten,6
1408,caught,6
1409,wife,6
1410,pandits,6
1411,independent,6
1412,heâ€™s,6
1413,positive,6
1414,tear,6
1415,eye,6
1416,criticising,6
1417,road,6
1418,worth,6
1419,operation,6
1420,arnab,6
1421,whereas,6
1422,appreciate,6
1423,boost,6
1424,repeatedly,6
1425,kudos,6
1426,complete,6
1427,receive,6
1428,manmohan,6
1429,treat,6
1430,threatened,6
1431,whether,6
1432,islamic,6
1433,cricket,6
1434,trade,6
1435,filled,6
1436,patel,6
1437,mouth,6
1438,following,6
1439,bomber,6
1440,scientist,6
1441,sitting,6
1442,mandir,6
1443,œ,6
1444,tolerance,6
1445,rising,6
1446,vikaskajumla,6
1447,launched,6
1448,received,6
1449,severe,6
1450,le,6
1451,personally,6
1452,digital,6
1453,train,6
1454,ke,6
1455,trending,6
1456,crap,6
1457,st,6
1458,helped,6
1459,especially,6
1460,tribute,6
1461,eat,6
1462,reached,6
1463,fielding,6
1464,relief,6
1465,punjab,6
1466,heinous,6
1467,income,6
1468,involved,6
1469,service,6
1470,approach,6
1471,sector,6
1472,heaven,6
1473,modiagainsaysindia,6
1474,statue,6
1475,ðÿ¤£,6
1476,total,6
1477,unfortunate,6
1478,billion,6
1479,wah,6
1480,decisive,6
1481,atmosphere,6
1482,suffer,6
1483,loksabha,6
1484,mainbhiberozgar,6
1485,realise,6
1486,easy,6
1487,leftist,6
1488,judge,6
1489,ruled,6
1490,speaks,6
1491,padma,6
1492,joined,6
1493,church,6
1494,priest,6
1495,desh,6
1496,sell,6
1497,bhakti,6
1498,struggling,6
1499,scene,6
1500,andhra,6
1501,plane,6
1502,foundation,6
1503,breaking,6
1504,page,6
1505,loan,6
1506,connection,6
1507,break,6
1508,process,6
1509,strategic,6
1510,opposed,6
1511,investment,6
1512,id,6
1513,certain,6
1514,responsibility,6
1515,capture,6
1516,guard,6
1517,mining,6
1518,abhoganyay,6
1519,befitting,6
1520,becomes,6
1521,shivsena,6
1522,nahi,6
1523,visit,6
1524,okay,6
1525,ied,6
1526,sleeping,6
1527,celebrated,6
1528,latest,6
1529,recently,6
1530,simply,6
1531,car,6
1532,youve,6
1533,dignified,6
1534,professional,6
1535,resolve,6
1536,cow,6
1537,unlike,6
1538,northeastformodi,6
1539,plus,6
1540,didi,6
1541,control,6
1542,retweet,6
1543,nsa,6
1544,providing,6
1545,duo,6
1546,spineless,6
1547,market,6
1548,meanwhile,6
1549,saudi,6
1550,tukde,6
1551,extremely,6
1552,mein,6
1553,modern,6
1554,atleast,6
1555,petty,6
1556,lower,6
1557,joker,6
1558,co,6
1559,importance,6
1560,none,6
1561,interesting,6
1562,whats,6
1563,sacrificed,6
1564,earth,6
1565,greeting,6
1566,nifty,6
1567,usual,6
1568,alert,6
1569,hasnt,6
1570,encouraging,6
1571,mayawati,6
1572,announced,6
1573,boy,6
1574,shamelessly,6
1575,principle,5
1576,selfish,5
1577,mentality,5
1578,animal,5
1579,insane,5
1580,hospital,5
1581,carry,5
1582,builder,5
1583,penalty,5
1584,standing,5
1585,behave,5
1586,nonsense,5
1587,finalstrike,5
1588,mehbooba,5
1589,phase,5
1590,display,5
1591,probably,5
1592,messed,5
1593,arrogant,5
1594,unleashed,5
1595,neither,5
1596,pity,5
1597,btw,5
1598,throw,5
1599,beef,5
1600,normal,5
1601,gesture,5
1602,exemplary,5
1603,changed,5
1604,sh,5
1605,source,5
1606,met,5
1607,basic,5
1608,modidharmayudh,5
1609,threaten,5
1610,asset,5
1611,building,5
1612,safeguarding,5
1613,inspired,5
1614,savarkar,5
1615,itrustchowkidar,5
1616,excited,5
1617,shocked,5
1618,conflict,5
1619,base,5
1620,mourning,5
1621,admits,5
1622,drive,5
1623,sadly,5
1624,aa,5
1625,foot,5
1626,manohar,5
1627,straight,5
1628,fearing,5
1629,dark,5
1630,rajiv,5
1631,conduct,5
1632,shld,5
1633,employee,5
1634,precious,5
1635,proper,5
1636,sadhvipragya,5
1637,hindi,5
1638,welcoming,5
1639,quite,5
1640,expression,5
1641,spy,5
1642,bjpterrorism,5
1643,singhs,5
1644,pushing,5
1645,mandate,5
1646,cpim,5
1647,jihadis,5
1648,chaiwala,5
1649,modiatconclave,5
1650,hahaha,5
1651,vikas,5
1652,glory,5
1653,apology,5
1654,compare,5
1655,watching,5
1656,copy,5
1657,expect,5
1658,ministry,5
1659,bringing,5
1660,forever,5
1661,facebook,5
1662,asks,5
1663,declaring,5
1664,favorite,5
1665,bangalore,5
1666,modifor,5
1667,modiagain,5
1668,finish,5
1669,fulfill,5
1670,requesting,5
1671,expected,5
1672,sangh,5
1673,karyakarta,5
1674,emotional,5
1675,bill,5
1676,poorest,5
1677,website,5
1678,double,5
1679,agent,5
1680,bent,5
1681,amethi,5
1682,spot,5
1683,commit,5
1684,deep,5
1685,hey,5
1686,cover,5
1687,late,5
1688,skill,5
1689,startup,5
1690,c,5
1691,rock,5
1692,accountable,5
1693,resolved,5
1694,sentiment,5
1695,immense,5
1696,âœœï¸,5
1697,soft,5
1698,attitude,5
1699,fought,5
1700,role,5
1701,governor,5
1702,approval,5
1703,ncp,5
1704,laughing,5
1705,keeping,5
1706,fellow,5
1707,chanting,5
1708,reflects,5
1709,logic,5
1710,budget,5
1711,embarrassment,5
1712,suspended,5
1713,surprise,5
1714,dalits,5
1715,mohammad,5
1716,pakistanâ€™s,5
1717,loose,5
1718,distract,5
1719,din,5
1720,terrible,5
1721,photoshop,5
1722,ugly,5
1723,count,5
1724,ahmedabad,5
1725,fascism,5
1726,administration,5
1727,nationalwarmemorial,5
1728,shouldnt,5
1729,similarly,5
1730,intelligent,5
1731,bjd,5
1732,maoist,5
1733,series,5
1734,broke,5
1735,tea,5
1736,wisdom,5
1737,filed,5
1738,survey,5
1739,exploiting,5
1740,missed,5
1741,promising,5
1742,disturbing,5
1743,parrikar,5
1744,happiness,5
1745,merajawansabsemajboot,5
1746,educated,5
1747,sin,5
1748,jds,5
1749,becoming,5
1750,œðÿ,5
1751,yogi,5
1752,loses,5
1753,rural,5
1754,inspire,5
1755,path,5
1756,though,5
1757,speaking,5
1758,backing,5
1759,indianarmy,5
1760,buy,5
1761,defeated,5
1762,savejpwishtown,5
1763,ally,5
1764,crowd,5
1765,dislike,5
1766,brahmin,5
1767,campus,5
1768,shut,5
1769,looting,5
1770,clause,5
1771,blocked,5
1772,misleading,5
1773,longer,5
1774,sometimes,5
1775,wear,5
1776,rafalescam,5
1777,sponsored,5
1778,namumkinabmumkinhai,5
1779,gon,5
1780,gear,5
1781,bright,5
1782,malegaon,5
1783,judiciary,5
1784,honesty,5
1785,divert,5
1786,voteforindia,5
1787,fooled,5
1788,mad,5
1789,immediately,5
1790,ðÿ˜€,5
1791,talked,5
1792,art,5
1793,figure,5
1794,correct,5
1795,effective,5
1796,antinationals,5
1797,proudly,5
1798,accepted,5
1799,silent,5
1800,bravery,5
1801,bitch,5
1802,centre,5
1803,capability,5
1804,strengthen,5
1805,test,5
1806,medicine,5
1807,bag,5
1808,miss,5
1809,‰,5
1810,transfer,5
1811,camera,5
1812,dynast,5
1813,rescue,5
1814,hitler,5
1815,environment,5
1816,aayegatomodihi,5
1817,advertisement,5
1818,peak,5
1819,fooling,5
1820,evening,5
1821,saved,5
1822,p,5
1823,rightly,5
1824,genocide,5
1825,maximum,5
1826,folk,5
1827,nearly,5
1828,rate,5
1829,patriot,5
1830,response,5
1831,à¤¹à¥ˆ,5
1832,capable,5
1833,successful,5
1834,appeal,5
1835,jumla,5
1836,aur,5
1837,ex,5
1838,cpm,5
1839,happens,5
1840,send,5
1841,reaction,5
1842,rupee,5
1843,easier,5
1844,middle,5
1845,broken,5
1846,thru,5
1847,minute,5
1848,wearing,5
1849,ebiz,5
1850,bjpjumlamanifesto,5
1851,honoured,5
1852,trapped,5
1853,jaihind,5
1854,sound,5
1855,yeah,5
1856,seeking,5
1857,sena,5
1858,ad,5
1859,raga,5
1860,commendable,5
1861,dumb,5
1862,sanghi,5
1863,gets+,5
1864,protecting,5
1865,stopped,5
1866,lotus,5
1867,champion,5
1868,â€¦,5
1869,monger,5
1870,jnu,5
1871,category,5
1872,rama,5
1873,countryman,5
1874,campaigning,5
1875,abusive,5
1876,ðÿ™ðÿ™ðÿ™,5
1877,promotes,5
1878,earlier,5
1879,â¬‡,5
1880,priyanka,5
1881,sake,5
1882,receiving,5
1883,treated,5
1884,humble,5
1885,shes,5
1886,frame,5
1887,paf,4
1888,simple,4
1889,bond,4
1890,destructive,4
1891,mission,4
1892,machine,4
1893,firmly,4
1894,version,4
1895,worthy,4
1896,gaining,4
1897,maintain,4
1898,forward,4
1899,recovered,4
1900,shameonpmmodi,4
1901,criticizing,4
1902,rajasthan,4
1903,ðÿ˜,4
1904,delivered,4
1905,frustrated,4
1906,sinister,4
1907,panchayat,4
1908,independence,4
1909,helpless,4
1910,hated,4
1911,written,4
1912,inflicted,4
1913,harsh,4
1914,josh,4
1915,score,4
1916,risk,4
1917,ip,4
1918,warns,4
1919,pick,4
1920,threatens,4
1921,bloody,4
1922,disgraceful,4
1923,safeguard,4
1924,godhra,4
1925,newspaper,4
1926,blunder,4
1927,norm,4
1928,survive,4
1929,srilanka,4
1930,changing,4
1931,trip,4
1932,joshi,4
1933,hafiz,4
1934,neglect,4
1935,theory,4
1936,ðÿ˜‚ðÿ˜‚ðÿ˜‚,4
1937,meant,4
1938,street,4
1939,grace,4
1940,white,4
1941,unhappy,4
1942,dharma,4
1943,suspected,4
1944,asia,4
1945,wishing,4
1946,embarrassing,4
1947,identity,4
1948,unable,4
1949,jibe,4
1950,republic,4
1951,scale,4
1952,extend,4
1953,named,4
1954,militant,4
1955,filthy,4
1956,currency,4
1957,disrespect,4
1958,â€œthe,4
1959,jagan,4
1960,lutyens,4
1961,vicious,4
1962,demo,4
1963,impact,4
1964,sardar,4
1965,mehul,4
1966,food,4
1967,al,4
1968,reading,4
1969,progressive,4
1970,crazy,4
1971,backed,4
1972,defeating,4
1973,ik,4
1974,ruining,4
1975,yojana,4
1976,lynched,4
1977,light,4
1978,date,4
1979,performance,4
1980,brotherhood,4
1981,prosperity,4
1982,link,4
1983,disappointed,4
1984,parent,4
1985,update,4
1986,recognition,4
1987,parivar,4
1988,ðÿ˜‚ðÿ˜‚,4
1989,bhima,4
1990,courageous,4
1991,jem,4
1992,followed,4
1993,hacked,4
1994,korean,4
1995,tejasvi,4
1996,surya,4
1997,crack,4
1998,gautam,4
1999,gambhir,4
2000,bunch,4
2001,potato,4
2002,hollow,4
2003,inch,4
2004,rafaledeal,4
2005,argument,4
2006,whatever,4
2007,profit,4
2008,protected,4
2009,antimodi,4
2010,likely,4
2011,surge,4
2012,experience,4
2013,extremism,4
2014,exposing,4
2015,corporate,4
2016,analysis,4
2017,content,4
2018,banning,4
2019,movie,4
2020,significant,4
2021,aadhaar,4
2022,explosive,4
2023,releasing,4
2024,focus,4
2025,reign,4
2026,drug,4
2027,arent,4
2028,masoodazhardead,4
2029,wd,4
2030,harm,4
2031,illiterate,4
2032,heat,4
2033,parliamentary,4
2034,disturb,4
2035,retaliate,4
2036,ª,4
2037,wid,4
2038,whatâ€™s,4
2039,club,4
2040,shadow,4
2041,maybe,4
2042,shankar,4
2043,prof,4
2044,pulwamarevenge,4
2045,kept,4
2046,pension,4
2047,invoking,4
2048,morphed,4
2049,airforce,4
2050,stick,4
2051,historic,4
2052,divisiveness,4
2053,sent,4
2054,nathuram,4
2055,mulayam,4
2056,hailed,4
2057,vba,4
2058,planned,4
2059,cold,4
2060,inflation,4
2061,agreement,4
2062,diwali,4
2063,turning,4
2064,dealt,4
2065,modilies,4
2066,jaish,4
2067,council,4
2068,measure,4
2069,remark,4
2070,industry,4
2071,unit,4
2072,chowkidaarnahijawabdarchahiye,4
2073,rssbjp,4
2074,iq,4
2075,grateful,4
2076,aggression,4
2077,night,4
2078,mumbaikars,4
2079,improving,4
2080,marriage,4
2081,admitted,4
2082,fakenews,4
2083,finding,4
2084,trs,4
2085,space,4
2086,retreat,4
2087,arvind,4
2088,demanded,4
2089,advani,4
2090,agerelaxationews,4
2091,responding,4
2092,unacceptable,4
2093,green,4
2094,dance,4
2095,whenever,4
2096,dynastymuktbharat,4
2097,ruined,4
2098,slave,4
2099,respectable,4
2100,de,4
2101,prominent,4
2102,arunachal,4
2103,iâ€™ll,4
2104,festival,4
2105,enthusiasm,4
2106,balakote,4
2107,horrific,4
2108,relentless,4
2109,booked,4
2110,fails,4
2111,lied,4
2112,letâ€™s,4
2113,evms,4
2114,gimmick,4
2115,buyer,4
2116,resign,4
2117,friendly,4
2118,richest,4
2119,study,4
2120,hopefully,4
2121,youthagainstmodi,4
2122,investigating,4
2123,guarantee,4
2124,healthcare,4
2125,agreed,4
2126,spent,4
2127,dearest,4
2128,â€¢,4
2129,bhi,4
2130,himachal,4
2131,debt,4
2132,restartgoamining,4
2133,votenyayvotecongress,4
2134,goamining,4
2135,trusted,4
2136,abkibaarphirmodisarkar,4
2137,built,4
2138,capital,4
2139,lesson,4
2140,nawaz,4
2141,holding,4
2142,gt,4
2143,indiastrikespakistan,4
2144,nationfirst,4
2145,se,4
2146,aid,4
2147,madam,4
2148,retaliation,4
2149,bheema,4
2150,humiliate,4
2151,natural,4
2152,favourite,4
2153,soul,4
2154,pleasure,4
2155,guess,4
2156,theyre,4
2157,belongs,4
2158,highly,4
2159,cap,4
2160,division,4
2161,betrayed,4
2162,gained,4
2163,nyt,4
2164,nz,4
2165,remind,4
2166,ideal,4
2167,afraid,4
2168,poison,4
2169,biopic,4
2170,abysmal,4
2171,valour,4
2172,anymore,4
2173,denied,4
2174,standard,4
2175,lovely,4
2176,reduced,4
2177,rw,4
2178,sovereignty,4
2179,couldnt,4
2180,generation,4
2181,beyond,4
2182,recognise,4
2183,refuse,4
2184,criticize,4
2185,specific,4
2186,afghanistan,4
2187,red,4
2188,cowardmodispreadinglies,4
2189,guest,4
2190,protesting,4
2191,targeted,4
2192,equality,4
2193,feb,4
2194,pulwamaterroristattack,4
2195,delighted,4
2196,secularism,4
2197,emerging,4
2198,deceit,4
2199,chosen,4
2200,chowkidars,4
2201,visited,4
2202,naidu,4
2203,neighbour,4
2204,opponent,4
2205,catholic,4
2206,hanged,4
2207,arun,4
2208,mockery,4
2209,bjpfoolbanaya,4
2210,feku,4
2211,mig,4
2212,hit,4
2213,debating,4
2214,uae,4
2215,civilization,4
2216,journalism,4
2217,trinamool,4
2218,headline,4
2219,sit,4
2220,favor,4
2221,modinewindia,4
2222,aspirant,4
2223,warned,4
2224,ago,4
2225,career,4
2226,tortured,4
2227,communalism,4
2228,peddling,4
2229,leading,4
2230,acting,4
2231,ultimate,4
2232,sign,4
2233,spirit,4
2234,sabarimala,4
2235,economist,4
2236,whoever,4
2237,marketing,4
2238,sane,4
2239,priority,4
2240,opinion,4
2241,vijay,4
2242,jay,4
2243,bt,4
2244,cool,4
2245,ðÿ˜ž,4
2246,grow,4
2247,welcomed,4
2248,proclaimed,4
2249,keralites,4
2250,reservation,4
2251,swine,4
2252,sidhu,4
2253,kargil,4
2254,isolate,4
2255,sunny,4
2256,burden,4
2257,srk,4
2258,access,4
2259,flee,4
2260,shooting,4
2261,photoshootsarkar,4
2262,mature,4
2263,shiva,4
2264,extreme,4
2265,mallya,4
2266,admire,4
2267,register,4
2268,affidavit,4
2269,kcr,4
2270,resolution,4
2271,married,4
2272,grave,4
2273,vivek,4
2274,producer,4
2275,sexual,4
2276,mocking,4
2277,fame,4
2278,block,4
2279,haryana,4
2280,baloch,4
2281,jab,4
2282,conferred,4
2283,kya,4
2284,wan,4
2285,justified,4
2286,certificate,4
2287,appeasement,4
2288,reported,4
2289,amrapali,4
2290,weak,4
2291,cricketer,4
2292,pawar,4
2293,prevent,4
2294,pmk,4
2295,period,4
2296,conference,4
2297,burnt,4
2298,putin,4
2299,perhaps,4
2300,developing,4
2301,understanding,4
2302,indira,4
2303,fuck,4
2304,effectively,4
2305,sweet,4
2306,thackeray,4
2307,devoted,4
2308,nobel,4
2309,witness,4
2310,vain,4
2311,bus,4
2312,trick,4
2313,entertainment,4
2314,kotler,4
2315,fresh,4
2316,mentally,4
2317,song,4
2318,birth,3
2319,root,3
2320,azhars,3
2321,provision,3
2322,coalition,3
2323,wardha,3
2324,mcc,3
2325,whining,3
2326,kulbhushan,3
2327,discussing,3
2328,nashik,3
2329,audio,3
2330,neta,3
2331,village,3
2332,neglected,3
2333,rarely,3
2334,king,3
2335,worship,3
2336,indiafirstmodibest,3
2337,forcing,3
2338,paramilitary,3
2339,msg,3
2340,slavery,3
2341,accepting,3
2342,surgicalstrikes,3
2343,perform,3
2344,ye,3
2345,antimuslim,3
2346,bothered,3
2347,plight,3
2348,metro,3
2349,golden,3
2350,vande,3
2351,inauguration,3
2352,sadhvipragyasinghthakur,3
2353,talent,3
2354,rahullovesterrorists,3
2355,recovery,3
2356,curb,3
2357,â€œchowkidarâ€,3
2358,pmkisan,3
2359,probe,3
2360,congis,3
2361,consequence,3
2362,antiindia,3
2363,assassination,3
2364,youll,3
2365,org,3
2366,mahagathbandhan,3
2367,dishonest,3
2368,alternative,3
2369,proven,3
2370,station,3
2371,chowkidarphirse,3
2372,coverage,3
2373,detail,3
2374,mention,3
2375,wall,3
2376,height,3
2377,zone,3
2378,lunatic,3
2379,previous,3
2380,verma,3
2381,collapse,3
2382,humiliation,3
2383,cop,3
2384,scare,3
2385,cheer,3
2386,forrd,3
2387,belt,3
2388,explain,3
2389,stunning,3
2390,affiliate,3
2391,speed,3
2392,union,3
2393,cooperation,3
2394,genuine,3
2395,convincing,3
2396,nefarious,3
2397,bihari,3
2398,biharrejectsmodi,3
2399,gen,3
2400,disrespected,3
2401,mm,3
2402,paisa,3
2403,creditchorpracharak,3
2404,letbettersenseprevail,3
2405,narcotic,3
2406,tiger,3
2407,manufactured,3
2408,construction,3
2409,fucking,3
2410,serial,3
2411,chose,3
2412,rbi,3
2413,ðÿš,3
2414,gold,3
2415,selling,3
2416,pt,3
2417,bust,3
2418,myth,3
2419,fuel,3
2420,exchange,3
2421,barkha,3
2422,unturned,3
2423,dutt,3
2424,aim,3
2425,thalaiva,3
2426,extra,3
2427,equal,3
2428,ability,3
2429,gender,3
2430,discrimination,3
2431,beti,3
2432,bachao,3
2433,driver,3
2434,saving,3
2435,mahatma,3
2436,mata,3
2437,dmkcongress,3
2438,doc,3
2439,conflicting,3
2440,verdict,3
2441,stable,3
2442,scary,3
2443,local,3
2444,intent,3
2445,meeting,3
2446,improve,3
2447,sentenced,3
2448,humiliating,3
2449,votebjp,3
2450,habit,3
2451,stuff,3
2452,sanction,3
2453,baby,3
2454,comparison,3
2455,dividend,3
2456,govtâ€™s,3
2457,objective,3
2458,posting,3
2459,jan,3
2460,pure,3
2461,inciting,3
2462,imaginary,3
2463,bar,3
2464,smriti,3
2465,lickers,3
2466,easily,3
2467,endorsed,3
2468,chaturvedi,3
2469,dumped,3
2470,whatsoever,3
2471,whoatetherafalepie,3
2472,ashok,3
2473,bridge,3
2474,msp,3
2475,reform,3
2476,ho,3
2477,adani,3
2478,marginalised,3
2479,appreciation,3
2480,janta,3
2481,permanent,3
2482,shining,3
2483,imposed,3
2484,isbaarphirmodi,3
2485,deprived,3
2486,maa,3
2487,cc,3
2488,carrying,3
2489,merit,3
2490,outstanding,3
2491,mn,3
2492,evidently,3
2493,invest,3
2494,raped,3
2495,gdp,3
2496,rafael,3
2497,mafia,3
2498,dalit,3
2499,rating,3
2500,nervous,3
2501,abandoned,3
2502,nagpur,3
2503,â‚¹,3
2504,obviously,3
2505,leaving,3
2506,input,3
2507,à¤šà¥œà¤•à¥€à¤¦à¤¾à¤°,3
2508,seemed,3
2509,publicity,3
2510,dog,3
2511,divisive,3
2512,pathological,3
2513,politicizing,3
2514,chopper,3
2515,minded,3
2516,ðÿ˜¡ðÿ˜¡ðÿ˜¡,3
2517,dy,3
2518,bjpsankalppatr,3
2519,bharatmodikesaath,3
2520,abkibaarpaar,3
2521,destroys,3
2522,marathi,3
2523,firing,3
2524,occurred,3
2525,suit,3
2526,gupta,3
2527,wo,3
2528,described,3
2529,mantra,3
2530,articlea,3
2531,infrastructure,3
2532,yadav,3
2533,private,3
2534,damodardas,3
2535,narrow,3
2536,dying,3
2537,french,3
2538,wake,3
2539,apologist,3
2540,violating,3
2541,patient,3
2542,sayyestowar,3
2543,con,3
2544,opindia,3
2545,narrate,3
2546,vip,3
2547,equally,3
2548,antibjp,3
2549,setback,3
2550,professor,3
2551,praised,3
2552,abroad,3
2553,bahut,3
2554,cartoon,3
2555,compromise,3
2556,restore,3
2557,nowhere,3
2558,entered,3
2559,reddy,3
2560,ðÿ˜ðÿ˜,3
2561,blocking,3
2562,conversation,3
2563,cancel,3
2564,ceremony,3
2565,utmost,3
2566,cmdr,3
2567,honouring,3
2568,incomplete,3
2569,shree,3
2570,navami,3
2571,yday,3
2572,describe,3
2573,disgust,3
2574,azad,3
2575,bullying,3
2576,kanyakumari,3
2577,zealand,3
2578,necessary,3
2579,provided,3
2580,yasinmalik,3
2581,middleman,3
2582,bereaved,3
2583,worrying,3
2584,magic,3
2585,declarepakterroriststate,3
2586,vajpayee,3
2587,gaya,3
2588,whatsapp,3
2589,honâ€™ble,3
2590,indopak,3
2591,dividing,3
2592,yatra,3
2593,rajya,3
2594,column,3
2595,introduced,3
2596,netanyahu,3
2597,revolutionary,3
2598,perpetrated,3
2599,sold,3
2600,behaviour,3
2601,libtards,3
2602,strengthened,3
2603,countryâ€™s,3
2604,platter,3
2605,int,3
2606,certainly,3
2607,crop,3
2608,pol,3
2609,pleased,3
2610,ladakh,3
2611,faced,3
2612,globally,3
2613,lal,3
2614,modihaitovikashai,3
2615,standwithforces,3
2616,deed,3
2617,hole,3
2618,superpower,3
2619,giant,3
2620,annum,3
2621,mudra,3
2622,vital,3
2623,sur,3
2624,pas,3
2625,generating,3
2626,cursed,3
2627,iranian,3
2628,credibility,3
2629,hoping,3
2630,dependent,3
2631,modiaanewalahai,3
2632,misery,3
2633,hearing,3
2634,safer,3
2635,lpg,3
2636,fabric,3
2637,accepts,3
2638,succeed,3
2639,hitting,3
2640,wasnâ€™t,3
2641,shoot,3
2642,particular,3
2643,avoid,3
2644,punishment,3
2645,gross,3
2646,incompetence,3
2647,solidarity,3
2648,precisely,3
2649,walking,3
2650,yeh,3
2651,bjpwithkasab,3
2652,gas,3
2653,leak,3
2654,missionshakti,3
2655,ahmad,3
2656,hussain,3
2657,westbengal,3
2658,warrior,3
2659,isbaarnamophirse,3
2660,wicked,3
2661,goat,3
2662,seek,3
2663,tragic,3
2664,rubbish,3
2665,designated,3
2666,abv,3
2667,taught,3
2668,departed,3
2669,ghus,3
2670,track,3
2671,jinnah,3
2672,vile,3
2673,rejecting,3
2674,sedition,3
2675,amu,3
2676,northeastmodi,3
2677,poem,3
2678,drought,3
2679,rampant,3
2680,rti,3
2681,near,3
2682,hinduism,3
2683,tight,3
2684,bajrangi,3
2685,crash,3
2686,sahi,3
2687,reelection,3
2688,somewhere,3
2689,jawaharlal,3
2690,allegation,3
2691,admit,3
2692,training,3
2693,obsession,3
2694,doubting,3
2695,forcesâ€™,3
2696,teacher,3
2697,trustworthy,3
2698,apologise,3
2699,biased,3
2700,massacre,3
2701,demonetisationyaadrakhna,3
2702,writing,3
2703,bought,3
2704,civic,3
2705,efficient,3
2706,relieved,3
2707,production,3
2708,cast,3
2709,bharatbacksmodi,3
2710,closest,3
2711,aware,3
2712,conversion,3
2713,tremendous,3
2714,slammed,3
2715,dat,3
2716,spbsp,3
2717,assurance,3
2718,cyber,3
2719,ridiculous,3
2720,frm,3
2721,prisoner,3
2722,patna,3
2723,expectation,3
2724,bharatiya,3
2725,janata,3
2726,petrol,3
2727,hail,3
2728,facility,3
2729,empowerment,3
2730,gentleman,3
2731,negligence,3
2732,bearer,3
2733,associated,3
2734,ajit,3
2735,escorted,3
2736,cp,3
2737,pakistanstrikesback,3
2738,encourage,3
2739,click,3
2740,roadshow,3
2741,menace,3
2742,chandrababu,3
2743,ðÿ˜­ðÿ˜­,3
2744,nw,3
2745,dastardly,3
2746,born,3
2747,hello,3
2748,medal,3
2749,shout,3
2750,puppet,3
2751,manoj,3
2752,france,3
2753,gullible,3
2754,infact,3
2755,bishop,3
2756,beauty,3
2757,convicted,3
2758,asaram,3
2759,bapu,3
2760,available,3
2761,tere,3
2762,rahulforbehtarbharat,3
2763,happily,3
2764,nose,3
2765,various,3
2766,ekhichowkidarchorhai,3
2767,appreciated,3
2768,goal,3
2769,gov,3
2770,contempt,3
2771,gaddarlist,3
2772,cancelled,3
2773,awareness,3
2774,amongst,3
2775,addition,3
2776,admired,3
2777,antinationalmodi,3
2778,uaes,3
2779,realising,3
2780,avenge,3
2781,honor,3
2782,havoc,3
2783,fine,3
2784,cbn,3
2785,cute,3
2786,ignoring,3
2787,compensatoryattempts,3
2788,happening,3
2789,studying,3
2790,supposed,3
2791,shouting,3
2792,quoted,3
2793,orop,3
2794,guided,3
2795,rewarded,3
2796,falsehood,3
2797,secretary,3
2798,bully,3
2799,homebuyers,3
2800,wud,3
2801,believed,3
2802,pseudo,3
2803,triple,3
2804,oppressed,3
2805,islamist,3
2806,utter,3
2807,disgrace,3
2808,onth,3
2809,confused,3
2810,highlighting,3
2811,growing,3
2812,fb,3
2813,dropped,3
2814,kuch,3
2815,praying,3
2816,hurting,3
2817,japan,3
2818,ghar,3
2819,sensible,3
2820,premise,3
2821,passed,3
2822,barbaric,3
2823,tuesdaythoughts,3
2824,gobacksadistmodi,3
2825,divided,3
2826,energetic,3
2827,europe,3
2828,celebration,3
2829,flying,3
2830,prepared,3
2831,deflect,3
2832,lucknow,3
2833,valuable,3
2834,khalistan,3
2835,basis,3
2836,greed,3
2837,comedy,3
2838,momentum,3
2839,damaging,3
2840,pl,3
2841,punishpakloyalists,3
2842,toilet,3
2843,button,3
2844,achieved,3
2845,congi,3
2846,modiunstoppable,3
2847,clueless,3
2848,fearless,3
2849,heartiest,3
2850,nominated,3
2851,represent,3
2852,cab,3
2853,graveyard,3
2854,battling,3
2855,pace,3
2856,delayed,3
2857,wait,3
2858,severely,3
2859,trend,3
2860,inspiring,3
2861,nyay,3
2862,deve,3
2863,gowda,3
2864,sab,3
2865,grief,3
2866,apostle,3
2867,intention,3
2868,disturbed,3
2869,boosting,3
2870,shiv,3
2871,questioned,3
2872,ed,3
2873,brief,3
2874,freebie,3
2875,troop,3
2876,sp,3
2877,communist,3
2878,bravehearts,3
2879,kolkata,3
2880,atrocity,3
2881,ordinary,3
2882,myvoteforcongress,3
2883,punishing,3
2884,despicable,3
2885,reminder,3
2886,filing,3
2887,abhinandanreturns,3
2888,fuckin,3
2889,officially,3
2890,insensitivity,3
2891,corrupted,3
2892,slam,3
2893,pretty,3
2894,benefitted,3
2895,indiabolemodidobara,3
2896,aspiration,3
2897,ramnavami,3
2898,denying,3
2899,tkt,3
2900,karachi,3
2901,feed,3
2902,carefully,3
2903,shameonantinationals,3
2904,suffers,3
2905,kishtwar,3
2906,prestigious,3
2907,reaching,3
2908,implemented,3
2909,suspect,3
2910,sympathizer,3
2911,hon,3
2912,mondaymotivation,3
2913,pretending,3
2914,unfulfilled,3
2915,harassed,3
2916,pelter,3
2917,serving,3
2918,bastard,3
2919,gunned,3
2920,turnout,3
2921,gandhijis,3
2922,bihar,3
2923,primeminister,3
2924,fanaticism,3
2925,convert,3
2926,stress,3
2927,sickening,3
2928,cleared,3
2929,advance,3
2930,â€˜s,3
2931,representing,3
2932,minimum,3
2933,grant,3
2934,tired,3
2935,bjpmanifesto,3
2936,colour,3
2937,historical,3
2938,akhilesh,3
2939,highlight,3
2940,tweeted,3
2941,pc,3
2942,season,3
2943,individual,3
2944,voteforcongress,3
2945,bombing,3
2946,quick,3
2947,raise,3
2948,cleaner,3
2949,advice,3
2950,airstrikes,3
2951,win+,3
2952,hal,3
2953,cag,3
2954,resorting,3
2955,entitlement,3
2956,condemning,3
2957,toh,3
2958,treason,3
2959,raid,3
2960,damn,3
2961,admk,3
2962,brighter,3
2963,speaker,3
2964,determined,3
2965,planet,3
2966,sincere,3
2967,ayushman,3
2968,fakecases,3
2969,genderbiasedlaws,3
2970,lmao,3
2971,original,3
2972,involvement,3
2973,visible,3
2974,honble,3
2975,hain,3
2976,mamta,3
2977,afspa,3
2978,related,3
2979,shun,3
2980,ignorant,3
2981,impossible,3
2982,activist,3
2983,behaving,3
2984,inclusive,3
2985,teach,3
2986,assured,3
2987,pitch,3
2988,shouldnâ€™t,3
2989,nazi,3
2990,h,3
2991,pakistanarmyzindabad,3
2992,faujis,3
2993,illness,3
2994,rip,3
2995,intimidation,3
2996,counter,3
2997,hemantkarkare,3
2998,overwhelming,3
2999,explains,3
3000,fabulous,3
3001,nasty,3
3002,participation,3
3003,ðÿ˜‰,3
3004,zayed,3
3005,philip,3
3006,western,3
3007,smt,3
3008,pre,3
3009,upon,3
3010,nyayforindia,3
3011,ratna,3
3012,lucky,3
3013,influence,3
3014,farewell,3
3015,critic,3
3016,fringe,3
3017,chowkidarâ€™,3
3018,dictator,3
3019,enjoys,3
3020,bankruptcy,3
3021,reveals,3
3022,ðÿ,3
3023,zakir,3
3024,naik,3
3025,impressive,3
3026,traffic,3
3027,aircraft,2
3028,deadliest,2
3029,thus,2
3030,tech,2
3031,bogus,2
3032,passage,2
3033,half,2
3034,forge,2
3035,convince,2
3036,jadhav,2
3037,chintamanispeaks,2
3038,dhule,2
3039,ðÿ˜±,2
3040,walk,2
3041,hua,2
3042,criticise,2
3043,rival,2
3044,rajivgandhi,2
3045,priyankagandhi,2
3046,modihiaayega,2
3047,reader,2
3048,bjpcheatedap,2
3049,nomorenamo,2
3050,siddaramaiah,2
3051,tipu,2
3052,tnnamowarriors,2
3053,ayodhya,2
3054,begum,2
3055,agnst,2
3056,pissing,2
3057,capturing,2
3058,percent,2
3059,citizenship,2
3060,wedding,2
3061,liquor,2
3062,surprising,2
3063,contribution,2
3064,pune,2
3065,hashtag,2
3066,belonging,2
3067,di,2
3068,ethic,2
3069,tolerated,2
3070,crush,2
3071,jklf,2
3072,talented,2
3073,prefers,2
3074,loyalty,2
3075,termed,2
3076,w,2
3077,teaching,2
3078,irrespective,2
3079,npa,2
3080,editor,2
3081,mark,2
3082,healthy,2
3083,chowkidarfirse,2
3084,looted,2
3085,poorer,2
3086,deshvirodhigang,2
3087,prevented,2
3088,entering,2
3089,modihaitohmumkinhai,2
3090,reelected,2
3091,mufti,2
3092,touched,2
3093,tricolour,2
3094,thakurs,2
3095,signed,2
3096,pinned,2
3097,phobia,2
3098,incite,2
3099,à¤œà¤¯,2
3100,context,2
3101,meraparivarabhajapaparivar,2
3102,wholeheartedly,2
3103,jobless,2
3104,businessmen,2
3105,misused,2
3106,separatist,2
3107,reminded,2
3108,expert,2
3109,guidance,2
3110,trudeau,2
3111,sanju,2
3112,thrashed,2
3113,murli,2
3114,corporates,2
3115,dyslexic,2
3116,deny,2
3117,molester,2
3118,khangress,2
3119,disgusted,2
3120,mercilessly,2
3121,serf,2
3122,acceptance,2
3123,grows,2
3124,accountability,2
3125,balakotairstrikes,2
3126,main,2
3127,srinagar,2
3128,weâ€™ve,2
3129,demolished,2
3130,hyderabad,2
3131,manipulated,2
3132,chowkidarnarendramodi,2
3133,hysterical,2
3134,representative,2
3135,hurl,2
3136,â€œi,2
3137,naralokesh,2
3138,morale,2
3139,cabinet,2
3140,charity,2
3141,factcheck,2
3142,whereabouts,2
3143,commercial,2
3144,ani,2
3145,blesses,2
3146,participating,2
3147,bakshi,2
3148,delete,2
3149,tirupur,2
3150,removed,2
3151,mortal,2
3152,compromised,2
3153,mi,2
3154,ipl,2
3155,affiliation,2
3156,nightmare,2
3157,earned,2
3158,challenging,2
3159,extract,2
3160,~increasing,2
3161,commerce,2
3162,žðÿ,2
3163,liked,2
3164,steal,2
3165,bose,2
3166,factory,2
3167,pnb,2
3168,alleged,2
3169,fugitive,2
3170,ðÿ¤£ðÿ¤£ðÿ¤£,2
3171,enthused,2
3172,sagarika,2
3173,et,2
3174,pakpremipatrakaar,2
3175,anywhere,2
3176,unplugged,2
3177,poralis,2
3178,unnecessarily,2
3179,remaining,2
3180,prosecution,2
3181,encounter,2
3182,hearty,2
3183,donating,2
3184,govindarajan,2
3185,candle,2
3186,fix,2
3187,tool,2
3188,controversial,2
3189,jpc,2
3190,allowing,2
3191,justiceforgovindraj,2
3192,masjid,2
3193,boasted,2
3194,prison,2
3195,early,2
3196,react,2
3197,baba,2
3198,anguished,2
3199,disciplined,2
3200,q,2
3201,balance,2
3202,votemodi,2
3203,naxalattack,2
3204,maafimaangomodi,2
3205,resulted,2
3206,suresh,2
3207,gopi,2
3208,morning,2
3209,keralam,2
3210,congressi,2
3211,hopeless,2
3212,quickly,2
3213,graduated,2
3214,protester,2
3215,easing,2
3216,assiduously,2
3217,served,2
3218,fm,2
3219,demolish,2
3220,isro,2
3221,chat,2
3222,hack,2
3223,sing,2
3224,victimhood,2
3225,fast,2
3226,machinery,2
3227,survivor,2
3228,noise,2
3229,bangle,2
3230,acknowledge,2
3231,wipe,2
3232,doctrine,2
3233,bloodbath,2
3234,saddened,2
3235,angered,2
3236,implied,2
3237,shd,2
3238,swati,2
3239,dravidian,2
3240,hathras,2
3241,karma,2
3242,catch,2
3243,eradicate,2
3244,initiated,2
3245,peacenotwar,2
3246,programme,2
3247,meravotecongressko,2
3248,irritated,2
3249,fixed,2
3250,imminent,2
3251,thanking,2
3252,wasnt,2
3253,crediting,2
3254,knew,2
3255,safely,2
3256,peddle,2
3257,letting,2
3258,niravmodi,2
3259,backward,2
3260,capitalist,2
3261,struggle,2
3262,apart,2
3263,boasting,2
3264,sumitra,2
3265,putting,2
3266,oxford,2
3267,revelation,2
3268,impressed,2
3269,bhartiya,2
3270,spoiled,2
3271,accuses,2
3272,shattered,2
3273,mlas,2
3274,garner,2
3275,iâ€™d,2
3276,announcing,2
3277,behalf,2
3278,whah,2
3279,earning,2
3280,lac,2
3281,guarding,2
3282,taxpayer,2
3283,iwontvoteformodi,2
3284,mgmt,2
3285,godi,2
3286,sentence,2
3287,muzaffarnagar,2
3288,projected,2
3289,sole,2
3290,symbol,2
3291,torturing,2
3292,chargesheet,2
3293,piyush,2
3294,absolute,2
3295,ballistic,2
3296,homelessness,2
3297,pal,2
3298,tmrw,2
3299,judgement,2
3300,harass,2
3301,bengali,2
3302,sufficient,2
3303,deadly,2
3304,invincible,2
3305,presenting,2
3306,abhinandanmyhero,2
3307,pathan,2
3308,epic,2
3309,assam,2
3310,confession,2
3311,aka,2
3312,apologises,2
3313,lawyer,2
3314,attributing,2
3315,hallucination,2
3316,constipation,2
3317,fodder,2
3318,violated,2
3319,ia,2
3320,omg,2
3321,hindðÿ‡®ðÿ‡³,2
3322,believing,2
3323,modihaintohmumkinhain,2
3324,prem,2
3325,encouraged,2
3326,coastal,2
3327,touching,2
3328,collected,2
3329,confusing,2
3330,pradhan,2
3331,sevak,2
3332,ambedkar,2
3333,tamilians,2
3334,outraged,2
3335,tuesday,2
3336,crpfjawans,2
3337,murderous,2
3338,foolish,2
3339,blinded,2
3340,indiafirst,2
3341,cult,2
3342,disharmony,2
3343,sowing,2
3344,formula,2
3345,achhe,2
3346,theprint,2
3347,attribute,2
3348,tsunami,2
3349,communication,2
3350,elite,2
3351,comedian,2
3352,privilege,2
3353,sporting,2
3354,withdrawn,2
3355,empty,2
3356,reputation,2
3357,humor,2
3358,foe,2
3359,anniversary,2
3360,dandi,2
3361,endeavour,2
3362,secunderabad,2
3363,ðÿ™,2
3364,mood,2
3365,sambit,2
3366,patra,2
3367,mulayamformodi,2
3368,manish,2
3369,politicising,2
3370,management,2
3371,center,2
3372,inaugurated,2
3373,renowned,2
3374,ðÿ˜…,2
3375,fed,2
3376,seem,2
3377,inefficiency,2
3378,mizoram,2
3379,qureshi,2
3380,uproot,2
3381,inefficient,2
3382,maoiststargetdemocracy,2
3383,utterly,2
3384,gather,2
3385,previously,2
3386,kovind,2
3387,invite,2
3388,oath,2
3389,warrant,2
3390,code,2
3391,irresponsible,2
3392,complained,2
3393,poisonous,2
3394,handedly,2
3395,belong,2
3396,rath,2
3397,e,2
3398,relaxed,2
3399,grenade,2
3400,anticipate,2
3401,sum,2
3402,warmongermodi,2
3403,trollsangh,2
3404,ananth,2
3405,revenue,2
3406,consume,2
3407,transport,2
3408,description,2
3409,faithful,2
3410,needful,2
3411,rot,2
3412,unconfirmed,2
3413,presentation,2
3414,connect,2
3415,typical,2
3416,designed,2
3417,suitable,2
3418,modimatbanao,2
3419,homage,2
3420,unabated,2
3421,exists,2
3422,mahila,2
3423,volunteer,2
3424,womenâ€™s,2
3425,denigrate,2
3426,dawood,2
3427,david,2
3428,angle,2
3429,although,2
3430,exam,2
3431,sakshi,2
3432,existential,2
3433,hurled,2
3434,reminding,2
3435,pollution,2
3436,spectacle,2
3437,wg,2
3438,nonhindu,2
3439,cloudymodi,2
3440,theyâ€™re,2
3441,fired,2
3442,university,2
3443,keen,2
3444,milking,2
3445,sort,2
3446,ordered,2
3447,lk,2
3448,selection,2
3449,youngster,2
3450,eliminates,2
3451,produce,2
3452,passion,2
3453,final,2
3454,naamdar,2
3455,kaamdar,2
3456,fundamental,2
3457,chowkidaar,2
3458,produced,2
3459,dreaded,2
3460,wide,2
3461,mostly,2
3462,settle,2
3463,unscrupulous,2
3464,employer,2
3465,ndas,2
3466,desai,2
3467,defecation,2
3468,poonch,2
3469,suspend,2
3470,crossloc,2
3471,participate,2
3472,convinces,2
3473,crown,2
3474,useful,2
3475,tackle,2
3476,shortcoming,2
3477,â€˜modi,2
3478,waiver,2
3479,bsnl,2
3480,basically,2
3481,pulwana,2
3482,amarnath,2
3483,fearlessly,2
3484,goi,2
3485,boot,2
3486,puri,2
3487,defenceless,2
3488,quit,2
3489,sanity,2
3490,nurturing,2
3491,gem,2
3492,praveen,2
3493,empowers,2
3494,monster,2
3495,ceasefire,2
3496,pti,2
3497,potentially,2
3498,navy,2
3499,preventing,2
3500,helpful,2
3501,satyamevjayate,2
3502,assemblypolls,2
3503,buddhist,2
3504,elevating,2
3505,persona,2
3506,mandal,2
3507,savecutoff_,2
3508,vacancy,2
3509,assure,2
3510,loksabhaelection,2
3511,authoritarian,2
3512,centralise,2
3513,privatise,2
3514,periyarists,2
3515,endorsing,2
3516,vc,2
3517,crypto,2
3518,sovereign,2
3519,trolling,2
3520,responded,2
3521,farming,2
3522,cr+,2
3523,pmay,2
3524,infra,2
3525,begun,2
3526,silly,2
3527,difficulty,2
3528,expressed,2
3529,heartfelt,2
3530,closer,2
3531,airsurgicalstrikes,2
3532,similarity,2
3533,hearted,2
3534,witnessed,2
3535,tampering,2
3536,bsf,2
3537,heard,2
3538,indiastrikesback,2
3539,mar,2
3540,larger,2
3541,joblessness,2
3542,sensational,2
3543,martyrdom,2
3544,bharatmangemodidobara,2
3545,sanitation,2
3546,pamphlet,2
3547,crossed,2
3548,ahluwalia,2
3549,personality,2
3550,politicize,2
3551,feature,2
3552,deshkeliyemodi,2
3553,advise,2
3554,surrender,2
3555,gathered,2
3556,awaits,2
3557,cheatedhomebuyers,2
3558,jp,2
3559,gaur,2
3560,infighting,2
3561,govern,2
3562,approve,2
3563,lahore,2
3564,madhya,2
3565,shivraj,2
3566,chouhan,2
3567,conveniently,2
3568,odd,2
3569,diversity,2
3570,dialogue,2
3571,tihar,2
3572,modispeakstonews,2
3573,spoil,2
3574,moronic,2
3575,regard,2
3576,precedent,2
3577,narendramodijindabad,2
3578,omar,2
3579,stood,2
3580,jamaat,2
3581,dozen,2
3582,required,2
3583,medical,2
3584,aiadmk,2
3585,violates,2
3586,dividerinchief,2
3587,misrule,2
3588,english,2
3589,nagrota,2
3590,yatris,2
3591,combo,2
3592,pappus,2
3593,appears,2
3594,considers,2
3595,choosing,2
3596,wng,2
3597,deescalation,2
3598,psychologically,2
3599,rid,2
3600,generous,2
3601,partnership,2
3602,coach,2
3603,heavily,2
3604,matterpeople,2
3605,informative,2
3606,inspirational,2
3607,breach,2
3608,reveal,2
3609,doomed,2
3610,demon,2
3611,appealing,2
3612,credential,2
3613,acharya,2
3614,pan,2
3615,captivity,2
3616,six,2
3617,dominating,2
3618,contact,2
3619,nitin,2
3620,contract,2
3621,samjautha,2
3622,taboo,2
3623,firstpost,2
3624,younger,2
3625,optic,2
3626,misuse,2
3627,funeral,2
3628,shamelessness,2
3629,wolf,2
3630,â¦,2
3631,shia,2
3632,striking,2
3633,maker,2
3634,minor,2
3635,drink,2
3636,shedding,2
3637,bhakth,2
3638,ofâ,2
3639,hardwork,2
3640,spokies,2
3641,confirmed,2
3642,handler,2
3643,exercise,2
3644,messenger,2
3645,lowest,2
3646,mataram,2
3647,criticised,2
3648,executed,2
3649,tonight,2
3650,molestergangbjp,2
3651,modibjp,2
3652,•,2
3653,burning,2
3654,cruel,2
3655,laughed,2
3656,learning,2
3657,owaisi,2
3658,darkness,2
3659,sabotage,2
3660,combat,2
3661,faster,2
3662,industrialist,2
3663,ind,2
3664,corrupts,2
3665,sunday,2
3666,internet,2
3667,apologetic,2
3668,formed,2
3669,da,2
3670,bcz,2
3671,blatantly,2
3672,manipulating,2
3673,startupindia,2
3674,rightwing,2
3675,grown,2
3676,handling,2
3677,maniac,2
3678,daniel,2
3679,newsalert,2
3680,electionswithnews,2
3681,dial,2
3682,à¥¤,2
3683,indiawantsmodiagain,2
3684,abhinandancomingback,2
3685,abhinandandiwas,2
3686,namami,2
3687,gange,2
3688,kafir,2
3689,glass,2
3690,ðÿ™ðÿ‡®ðÿ‡³,2
3691,traumatic,2
3692,asshole,2
3693,stole,2
3694,ðÿ˜‚ðÿ˜‚ðÿ˜‚ðÿ˜‚,2
3695,manishankaraiyar,2
3696,risking,2
3697,retain,2
3698,forehead,2
3699,nominate,2
3700,matondkar,2
3701,weaker,2
3702,rejoice,2
3703,faked,2
3704,pinnacle,2
3705,stage,2
3706,claiming,2
3707,telegraph,2
3708,intel,2
3709,nobelpeaceprizeforimrankhan,2
3710,hailing,2
3711,empower,2
3712,ujjwala,2
3713,ball,2
3714,celebrate,2
3715,godavari,2
3716,cauvery,2
3717,linking,2
3718,corridor,2
3719,nord,2
3720,modiforpm,2
3721,reporter,2
3722,hallmark,2
3723,tall,2
3724,kasab,2
3725,endorses,2
3726,labharthisamparkabhiyan,2
3727,fulfilling,2
3728,southindiafornamo,2
3729,vigilant,2
3730,shakti,2
3731,mrmodi,2
3732,thin,2
3733,volume,2
3734,lived,2
3735,proudofyoukarkare,2
3736,modisenahopayega,2
3737,eliminated,2
3738,disappointment,2
3739,cried,2
3740,ditch,2
3741,pig,2
3742,daring,2
3743,balm,2
3744,reunited,2
3745,paradise,2
3746,tie,2
3747,votewisely,2
3748,propagation,2
3749,misogyny,2
3750,spoke,2
3751,mumbaikarvotekar,2
3752,package,2
3753,waiving,2
3754,eve,2
3755,raised,2
3756,opening,2
3757,offence,2
3758,socalled,2
3759,ride,2
3760,considered,2
3761,user,2
3762,advertise,2
3763,crashed,2
3764,salutetoindianairforce,2
3765,signal,2
3766,slashed,2
3767,nun,2
3768,feminist,2
3769,abp,2
3770,spin,2
3771,escalate,2
3772,nadia,2
3773,satyajit,2
3774,biswas,2
3775,nath,2
3776,kanhaiya,2
3777,framed,2
3778,oppose,2
3779,abolish,2
3780,pragyathakur,2
3781,afford,2
3782,ravan,2
3783,clan,2
3784,upsc_csat_victims,2
3785,emerge,2
3786,moving,2
3787,alp,2
3788,cbt,2
3789,diesel,2
3790,toxic,2
3791,fakery,2
3792,proceeding,2
3793,feasting,2
3794,acquisition,2
3795,review,2
3796,petition,2
3797,prediction,2
3798,ipr,2
3799,author,2
3800,budding,2
3801,inventor,2
3802,innovate,2
3803,invention,2
3804,punitive,2
3805,redistribution,2
3806,exit,2
3807,door,2
3808,digvijaya,2
3809,abvp,2
3810,nature,2
3811,academic,2
3812,historian,2
3813,hm,2
3814,disagree,2
3815,stride,2
3816,sister,2
3817,endia,2
3818,launch,2
3819,reduce,2
3820,¹recipient,2
3821,â€˜the,2
3822,daddy,2
3823,subject,2
3824,upper,2
3825,diya,2
3826,imperative,2
3827,bringbackabhinandan,2
3828,airspace,2
3829,convey,2
3830,savejetairways,2
3831,depot,2
3832,reliance,2
3833,leftwing,2
3834,todayâ€™s,2
3835,sealing,2
3836,pant,2
3837,liarbabu,2
3838,smelling,2
3839,navika,2
3840,aunty,2
3841,phone,2
3842,glorious,2
3843,enjoyed,2
3844,squad,2
3845,upto,2
3846,falling,2
3847,ab,2
3848,presidency,2
3849,candidature,2
3850,symbolises,2
3851,analyst,2
3852,loud,2
3853,driven,2
3854,bofors,2
3855,sweeping,2
3856,authority,2
3857,intimidate,2
3858,raw,2
3859,icj,2
3860,literally,2
3861,deception,2
3862,futuristic,2
3863,concerned,2
3864,protection,2
3865,publicly,2
3866,error,2
3867,heading,2
3868,nuke,2
3869,pressurised,2
3870,anyway,2
3871,revive,2
3872,sharma,2
3873,heartbreaking,2
3874,decency,2
3875,manipur,2
3876,insurgent,2
3877,ðÿ˜‚ðÿ,2
3878,infographics,2
3879,sackajitdoval,2
3880,congratulating,2
3881,joan,2
3882,cycle,2
3883,observe,2
3884,victimized,2
3885,liberated,2
3886,talaq,2
3887,deposit,2
3888,thankyou,2
3889,deshbhakt,2
3890,draw,2
3891,amitshah,2
3892,wl,2
3893,handsome,2
3894,banda,2
3895,khud,2
3896,ðÿ¤£ðÿ¤£,2
3897,kinda,2
3898,saffronterror,2
3899,hoard,2
3900,politicise,2
3901,actively,2
3902,buckling,2
3903,oil,2
3904,crude,2
3905,remained,2
3906,deepest,2
3907,wishers,2
3908,navjot,2
3909,strengthening,2
3910,attempting,2
3911,instigate,2
3912,balakotproof,2
3913,mathurapur,2
3914,divider,2
3915,lazy,2
3916,usa,2
3917,antipeople,2
3918,killmodivideotape,2
3919,fyi,2
3920,color,2
3921,sincerely,2
3922,develop,2
3923,jailed,2
3924,opiate,2
3925,destabilize,2
3926,namos,2
3927,planted,2
3928,published,2
3929,enables,2
3930,deol,2
3931,chowkidarhichorhai,2
3932,stark,2
3933,inyrs,2
3934,recommend,2
3935,antipakistan,2
3936,frenzy,2
3937,stopfakenewsagainstsrk,2
3938,max,2
3939,chosing,2
3940,akshay,2
3941,understood,2
3942,solve,2
3943,shirt,2
3944,biryani,2
3945,panicking,2
3946,allah,2
3947,jesus,2
3948,investigate,2
3949,patrâ€,2
3950,betrayal,2
3951,casteist,2
3952,aprilfoolsday,2
3953,manifestation,2
3954,existing,2
3955,nomo,2
3956,flush,2
3957,nonbjp,2
3958,exploit,2
3959,february,2
3960,corbett,2
3961,park,2
3962,devil,2
3963,unprecedented,2
3964,attached,2
3965,unnao,2
3966,paying,2
3967,tainted,2
3968,approved,2
3969,ni,2
3970,racism,2
3971,naturally,2
3972,monday,2
3973,bollywood,2
3974,sorrow,2
3975,emotion,2
3976,location,2
3977,varthaman,2
3978,loom,2
3979,samachar,2
3980,veer,2
3981,dedicate,2
3982,restoring,2
3983,task,2
3984,nonsensical,2
3985,rofl,2
3986,reduction,2
3987,prefix,2
3988,hypocritical,2
3989,bait,2
3990,indefensible,2
3991,javed,2
3992,sometime,2
3993,bahadur,2
3994,kisan,2
3995,upsc,2
3996,selfpublicity,2
3997,higher,2
3998,lesser,2
3999,karo,2
4000,bye,2
4001,andrew,2
4002,underlying,2
4003,currently,2
4004,hypernationalism,2
4005,add,2
4006,spark,2
4007,joshua,2
4008,remarkable,2
4009,weakness,2
4010,eradicated,2
4011,statehood,2
4012,portray,2
4013,sham,2
4014,chowkidarðÿ,2
4015,simpler,2
4016,fridayfeeling,2
4017,corner,2
4018,listing,2
4019,whymodi,2
4020,nicely,2
4021,min,2
4022,offender,2
4023,examined,2
4024,controlled,2
4025,â€œensure,2
4026,exploiter,2
4027,escorting,2
4028,visiting,2
4029,lankan,2
4030,hindumuslim,2
4031,kamalnath,2
4032,cabal,2
4033,piggy,2
4034,provoke,2
4035,bjpnda,2
4036,questionable,2
4037,replaced,2
4038,moditransformsbharat,2
4039,zindabad,2
4040,ðÿ,2
4041,spitting,2
4042,venom,2
4043,donated,2
4044,nervousness,2
4045,crucial,2
4046,bos,2
4047,owner,2
4048,theatrics,2
4049,meinbhichowkidar,2
4050,adolf,2
4051,horse,2
4052,ernakulam,2
4053,extending,2
4054,prospect,2
4055,radio,2
4056,determines,2
4057,floor,2
4058,nationalinterest,2
4059,balochistan,2
4060,testimony,2
4061,loser,2
4062,tweeting,2
4063,gujarati,2
4064,expelled,2
4065,rts,2
4066,us,2
4067,ffs,2
4068,discus,2
4069,celebrates,2
4070,womensday,2
4071,ðÿ‡®ðÿ‡³ðÿ‡®ðÿ‡³,2
4072,abdullah,2
4073,pending,2
4074,harvotemodiko,2
4075,necessity,2
4076,modigoescrazy,2
4077,decent,2
4078,similar,2
4079,plea,2
4080,rice,2
4081,discredit,2
4082,collect,2
4083,iron,2
4084,ly,2
4085,hnbl,2
4086,sympathetic,2
4087,mallaya,2
4088,uncle,2
4089,chorbanachowkidar,2
4090,rws,2
4091,bakery,2
4092,oblivion,2
4093,reasonable,2
4094,frustration,2
4095,organised,2
4096,shield,2
4097,guide,2
4098,brainless,2
4099,baar,2
4100,sarkaar,2
4101,baap,2
4102,inferiority,2
4103,consensus,2
4104,informed,2
4105,indicative,2
4106,financial,2
4107,portfolio,2
4108,masterstroke,2
4109,estate,2
4110,pso,2
4111,arm,2
4112,uttar,2
4113,sooner,2
4114,trail,2
4115,â€˜sabka,2
4116,saath,2
4117,sabka,2
4118,vikasâ€™,2
4119,harming,2
4120,lawlessness,2
4121,mandirmasjid,2
4122,lynchingrape,2
4123,visionless,2
4124,inducted,2
4125,‰modis,2
4126,restricted,2
4127,area,2
4128,pmmodi,2
4129,commando,2
4130,vowed,2
4131,inequality,2
4132,fabricated,2
4133,advisory,2
4134,anguish,2
4135,citing,2
4136,superb,2
4137,confirm,2
4138,restrict,2
4139,devastated,2
4140,fekumodi,2
4141,bjpsupportsterrorists,2
4142,hill,2
4143,mere,2
4144,waging,2
4145,insecure,2
4146,mishra,2
4147,upright,2
4148,stinking,2
4149,filth,2
4150,wouldnâ€™t,2
4151,narayanan,2
4152,wen,2
4153,functionary,2
4154,nia,2
4155,jharkhand,2
4156,â€˜rape,2
4157,auntyâ€™,2
4158,follows,2
4159,push,2
4160,brand,2
4161,realised,2
4162,stance,2
4163,lifetime,2
4164,empathy,2
4165,capf,2
4166,possibility,2
4167,select,2
4168,womenbewareofbjp,2
4169,actual,2
4170,advocate,2
4171,realize,2
4172,sharad,2
4173,gamble,2
4174,pakistanmurdabad,2
4175,thr,2
4176,november,2
4177,star,2
4178,campaigner,2
4179,mani,2
4180,aiyar,2
4181,hindusblockedinbengal,2
4182,burnol,2
4183,wage,2
4184,nt,2
4185,constantly,2
4186,deface,2
4187,subverted,2
4188,digvijay,2
4189,rush,2
4190,hug,2
4191,poster,2
4192,include,2
4193,indianadmin,2
4194,antinationalbjp,2
4195,abhiyan,2
4196,krishna,2
4197,challenged,2
4198,mantri,2
4199,ensured,2
4200,pursuing,2
4201,couple,2
4202,prejudice,2
4203,didis,2
4204,compared,2
4205,civilizational,2
4206,wagale,2
4207,groomed,2
4208,oic,2
4209,unwavering,2
4210,mamatabanerjee,2
4211,jealous,2
4212,consider,2
4213,weaken,2
4214,factor,2
4215,rep,2
4216,respective,2
4217,kindness,2
4218,entirely,2
4219,atal,2
4220,manðÿ,2
4221,bit,2
4222,etiquette,2
4223,welfare,2
4224,struck,2
4225,uturn,2
4226,ðÿ‡µðÿ‡°,2
4227,warmonger,2
4228,bsp,2
4229,wasted,2
4230,foul,2
4231,aww,2
4232,ž,2
4233,tree,2
4234,picked,2
4235,league,2
4236,breath,2
4237,beech,2
4238,ndabjp,2
4239,para,2
4240,bluff,2
4241,wished,2
4242,internationally,2
4243,eyelid,2
4244,portal,2
4245,associate,2
4246,unapologetic,2
4247,southern,2
4248,carpet,2
4249,framework,2
4250,colossal,2
4251,meravotemodiko,2
4252,condemnation,2
4253,rabid,2
4254,regularly,2
4255,whytheyhatemodi,2
4256,sushma,2
4257,restart,2
4258,forgot,2
4259,swayed,2
4260,dole,2
4261,roadmap,2
4262,medieval,2
4263,mode,2
4264,gr,2
4265,mahajan,2
4266,indore,2
4267,antiterror,2
4268,monkey,2
4269,indianâ€™s,2
4270,application,2
4271,approves,2
4272,cheating,2
4273,dopt,2
4274,swiss,2
4275,becoz,2
4276,scrap,2
4277,hota,2
4278,forthcoming,2
4279,wanting,2
4280,derailed,2
4281,freed,2
4282,harish,2
4283,wrote,2
4284,partition,2
4285,doonga,2
4286,hardworking,2
4287,courtesy,2
4288,ek,2
4289,karta,2
4290,par,2
4291,unique,2
4292,third,2
4293,passionate,2
4294,naari,2
4295,tale,2
4296,fuelled,2
4297,besides,2
4298,argue,2
4299,unscripted,2
4300,uttarakhand,2
4301,hypocrite,2
4302,liberty,2
4303,pe,2
4304,adnan,2
4305,loc,2
4306,satisfy,2
4307,kashmirbleeds,2
4308,ethical,2
4309,shekhar,2
4310,humane,2
4311,pedestrian,2
4312,ravana,2
4313,nbcc,2
4314,guwahati,2
4315,indulge,2
4316,tune,2
4317,meraboothsabsemazboot,2
4318,ten,2
4319,islamabad,2
4320,minus,2
4321,middlemanmodi,2
4322,manner,2
4323,york,2
4324,synonymous,2
4325,acche,2
4326,credited,2
4327,žðÿ,2
4328,thrill,2
4329,applauded,2
4330,translation,2
4331,relax,2
4332,rajeev,2
4333,mukt,2
4334,legacy,2
4335,interviewer,2
4336,mindset,2
4337,baato,2
4338,bhim,2
4339,scathing,2
4340,intolerance,2
4341,tirunelveli,2
4342,satellite,2
4343,australian,2
4344,neighbor,2
4345,textbook,2
4346,panic,2
4347,everytime,2
4348,hatemonger,2
4349,bush,2
4350,birodh,2
4351,nambinarayanan,2
4352,achieving,2
4353,pakistanairforceourpride,2
4354,platform,2
4355,avoidable,2
4356,regarding,2
4357,parrikars,2
4358,haunt,2
4359,calculated,2
4360,prevail,2
4361,obsessed,2
4362,snatch,2
4363,intimidates,2
4364,withdraw,2
4365,mistaken,2
4366,boldness,2
4367,haha,2
4368,guru,2
4369,bjpmodi,2
4370,radar,2
4371,unmatched,2
4372,shop,2
4373,burn,2
4374,paks,2
4375,electricity,2
4376,croplikethehindu,2
4377,istandwithgambhir,2
4378,indication,2
4379,diaspora,2
4380,precise,2
4381,blue,2
4382,ravish,2
4383,abhisar,2
4384,chowkidaars,2
4385,majoritarian,2
4386,iran,2
4387,nero,2
4388,pdf,2
4389,ag,2
4390,venugopal,2
4391,privacy,2
4392,definition,2
4393,ii,2
4394,pawan,2
4395,polluted,2
4396,innovative,2
4397,glorify,2
4398,quiet,2
4399,maneka,2
4400,sultanpur,2
4401,rhe,2
4402,incumbent,2
4403,organization,2
4404,sm,2
4405,tape,2
4406,developed,2
4407,disease,2
4408,aftermath,2
4409,deficit,2
4410,reflection,2
4411,affordable,2
4412,incl,2
4413,moon,2
4414,jaein,2
4415,aayega,2
4416,¥ðÿ,2
4417,notice,2
4418,psus,2
4419,overseas,2
4420,ongoing,2
4421,presidential,2
4422,player,2
4423,disappointing,2
4424,gayhind,2
4425,gvl,2
4426,narasimha,2
4427,rao,2
4428,ancient,2
4429,began,2
4430,unabashedly,2
4431,bet,2
4432,wouldnt,2
4433,waving,2
4434,mam,2
4435,focusing,2
4436,famous,2
4437,mercy,2
4438,booted,2
4439,ordinance,2
4440,percentage,2
4441,crossing,2
4442,baghpat,2
4443,arabia,2
4444,noble,2
4445,constructive,2
4446,orator,2
4447,à¤¹à¥‹,2
4448,ðÿ˜…ðÿ˜,2
4449,classified,2
4450,politicised,2
4451,flu,2
4452,parikkar,2
4453,dictatorship,2
4454,greedy,2
4455,blatant,2
4456,technicality,2
4457,dada,2
4458,isnâ€™t,2
4459,jee,2
4460,beware,2
4461,design,2
4462,rashtravad,2
4463,subscribe,2
4464,namo_again,2
4465,gujrati,2
4466,giveverdictcglchsl,2
4467,nocancellation,2
4468,vacation,2
4469,summer,2
4470,kashmirterrorattack,2
4471,swamy,2
4472,downsizing,2
4473,flopped,2
4474,modified,2
4475,deb,2
4476,electorate,2
4477,astounding,2
4478,interim,2
4479,dp,2
4480,maam,2
4481,nsw,2
4482,imposing,2
4483,â€˜completely,2
4484,widow,2
4485,hanuman,2
4486,scholar,2
4487,handled,2
4488,jammuterrorattack,2
4489,eh,2
4490,caricaturing,2
4491,eternal,2
4492,starting,2
4493,vigilante,2
4494,ðÿ˜ƒ,2
4495,jew,2
4496,physically,2
4497,madness,2
4498,awww,2
4499,smiling,2
4500,engage,2
4501,provides,2
4502,constant,2
4503,unfair,2
4504,granted,2
4505,attacker,2
4506,shahâ€™s,2
4507,dil,2
4508,excitement,2
4509,exclusive,2
4510,maarenge,2
4511,bajrang,2
4512,bottle,2
4513,whereâ€™s,2
4514,hardhitting,2
4515,adventure,2
4516,incredible,2
4517,undercurrent,2
4518,gifted,2
4519,nta,2
4520,silence,2
4521,justiceforramalingam,2
4522,dal,2
4523,bhoot,2
4524,shielding,2
4525,blowing,2
4526,tacit,2
4527,polling,2
4528,included,2
4529,impotent,2
4530,indulged,2
4531,deliverable,2
4532,engineer,2
4533,listed,2
4534,xi,2
4535,mana,2
4536,imrankhan,2
4537,kirit,2
4538,shine,2
4539,surf,2
4540,excel,2
4541,bharatbolenamonamo,2
4542,nagma,2
4543,tughlaq,2
4544,hindustan,2
4545,wnt,2
4546,khattar,2
4547,episode,2
4548,wherever,2
4549,tch,2
4550,kairana,2
